"Avg Interest of Rate",grade
14.14807424733073,C
10.54566156235539,B
7.042998050501671,A
24.291385039684826,E
28.50218086072359,F
18.539555758234638,D
30.389356627842144,G
